Date,Price,Open,High,Low,Vol,Change %
12/31/2025,48.12,48.8,48.85,47.93,969.17,-1.39%
12/30/2025,48.8,49.24,49.41,48.2,1.2,-1.09%
12/29/2025,49.34,48.95,49.5,47.85,1.5,-0.36%
12/26/2025,49.52,49.21,49.68,48.91,552.18,0.71%
12/24/2025,49.17,48.93,49.68,48.37,510.21,0.49%
12/23/2025,48.93,48.62,49.44,47.33,1.01,-0.57%
12/22/2025,49.21,48.4,49.43,47.88,1.24,3.56%
12/19/2025,47.52,46.05,47.88,45.9,2.33,3.53%
12/18/2025,45.9,44.6,46.09,44.2,1.37,4.56%
12/17/2025,43.9,44.52,45.29,43.81,1.6,-1.22%
12/16/2025,44.44,45,46,44.12,2.16,-2.93%
12/15/2025,45.78,47.9,48.36,45.29,1.9,-3.94%
12/12/2025,47.66,49.12,49.49,47.5,1.1,-3.07%
12/11/2025,49.17,50,50.85,47.9,1.44,-2.88%
12/10/2025,50.63,49.43,51.54,49.15,1.41,1.83%
12/09/2025,49.72,48.99,51.9,48.66,2.49,0.46%
12/08/2025,49.49,48.91,49.99,48.36,1.57,2.46%
12/05/2025,48.3,46.36,48.4,45.99,1.86,4.43%
12/04/2025,46.25,45.73,47.4,45.51,2.16,0.78%
12/03/2025,45.89,44.46,45.99,43.86,2.39,2.85%
12/02/2025,44.62,45.3,47.17,44.14,2.38,0.56%
12/01/2025,44.37,43.82,44.41,42.77,2.08,-0.34%
11/28/2025,44.52,44.98,45.34,44.12,818.66,-1.35%
11/26/2025,45.13,44.87,46.54,44.15,1.9,0.51%
11/25/2025,44.9,45.15,45.95,43.67,1.69,-0.55%
11/24/2025,45.15,44.34,45.7,44.12,1.26,3.06%
11/21/2025,43.81,43.24,44.37,42.01,1.85,1.46%
11/20/2025,43.18,45.18,46.1,42.84,1.77,-2.06%
11/19/2025,44.09,44.3,45.94,43.87,1.44,0.18%
11/18/2025,44.01,43.39,44.48,41.96,1.93,-1.21%
11/17/2025,44.55,45.64,46.44,43.97,2.13,-2.81%
11/14/2025,45.84,43.22,46.83,43,1.87,1.44%
11/13/2025,45.19,47.65,48.63,44.84,2.92,-6.57%
11/12/2025,48.37,50.63,50.85,47.37,2.46,-3.26%
11/11/2025,50,51.03,51.75,49.74,2.52,-3.23%
11/10/2025,51.67,50.33,52.2,49.91,3.48,4.43%
11/07/2025,49.48,46.71,49.51,45.58,3.67,5.10%
11/06/2025,47.08,48.03,49.62,45.44,5.55,2.77%
11/05/2025,45.81,45.32,46.68,42.5,11.26,18.01%
11/04/2025,38.82,40,40.19,38.45,4.64,-6.30%
11/03/2025,41.43,40.99,41.8,39.91,2.5,1.89%
10/31/2025,40.66,39,41.05,38.84,3.88,7.17%
10/30/2025,37.94,39.05,39.53,37.83,1.9,-4.19%
10/29/2025,39.6,40,40.76,39.15,2.48,-0.33%
10/28/2025,39.73,40.34,41.14,39.71,1.8,-1.61%
10/27/2025,40.38,40,40.95,39.71,1.79,2.36%
10/24/2025,39.45,40.37,40.76,39.22,1.5,-0.40%
10/23/2025,39.61,38.53,40.18,38.53,1.8,1.62%
10/22/2025,38.98,39.32,39.94,38.25,2.52,-1.89%
10/21/2025,39.73,40.85,41.67,39.6,2.52,-3.33%
10/20/2025,41.1,42.24,42.61,41,2.34,-0.75%
10/17/2025,41.41,42.23,42.95,41.29,2.39,-3.88%
10/16/2025,43.08,44,44.86,42.14,4.35,-0.85%
10/15/2025,43.45,42.36,44.2,41.12,5.34,7.34%
10/14/2025,40.48,38.5,42.12,37.5,4.89,2.40%
10/13/2025,39.53,37.85,40.8,37.54,3.86,6.01%
10/10/2025,37.29,39.8,40.4,37.09,2.88,-5.69%
10/09/2025,39.54,38.88,40.54,38.45,2.58,4.49%
10/08/2025,37.84,38.5,39.26,37.82,2.24,-1.18%
10/07/2025,38.29,39,39.59,37.74,3.1,-0.26%
10/06/2025,38.39,37.9,40.92,37.54,3.21,2.73%
10/03/2025,37.37,38.87,39.25,37.28,2.22,-3.46%
10/02/2025,38.71,36.81,38.86,36.62,3.51,7.92%
10/01/2025,35.87,33.8,35.94,33.74,2.79,5.01%
09/30/2025,34.16,35.34,35.46,33.69,1.84,-3.56%
09/29/2025,35.42,35.43,35.78,34.7,1.53,0.91%
09/26/2025,35.1,34.99,35.29,34.69,2.41,-0.09%
09/25/2025,35.13,35.52,35.88,34.87,1.43,-3.28%
09/24/2025,36.32,37.06,37.3,35.38,1.33,-1.73%
09/23/2025,36.96,37.64,38.73,36.92,3.62,-1.99%
09/22/2025,37.71,36.43,37.81,35.92,3.42,3.12%
09/19/2025,36.57,37.34,37.66,36.5,5.55,-1.72%
09/18/2025,37.21,37,37.75,36.72,2.83,2.65%
09/17/2025,36.25,36.45,37.47,35.79,2.52,-0.22%
09/16/2025,36.33,36.92,37,35.92,2.53,-1.76%
09/15/2025,36.98,35.86,37.28,35.81,2.84,3.61%
09/12/2025,35.69,36.78,36.95,35.63,2.99,-2.38%
09/11/2025,36.56,34.15,36.57,33.93,3.09,6.93%
09/10/2025,34.19,34.99,35.88,34.02,3.09,-0.38%
09/09/2025,34.32,33.3,34.78,33.08,3.02,3.03%
09/08/2025,33.31,32.82,33.77,32.74,2.32,1.68%
09/05/2025,32.76,32.64,33.6,32.35,2.99,1.99%
09/04/2025,32.12,31.74,32.21,30.89,1.58,0.25%
09/03/2025,32.04,31.87,32.46,31.47,1.8,0.53%
09/02/2025,31.87,31.62,32.27,31.25,1.55,-2.30%
08/29/2025,32.62,33.1,33.5,32.41,1.6,-2.22%
08/28/2025,33.36,32.76,33.74,32.75,3.45,3.09%
08/27/2025,32.36,30.76,32.42,30.76,2.32,5.13%
08/26/2025,30.78,31.03,31.46,30.36,2.56,-0.97%
08/25/2025,31.08,31.4,31.64,30.83,1.33,-1.43%
08/22/2025,31.53,30.11,31.69,30.05,1.79,5.14%
08/21/2025,29.99,29.99,30.36,29.62,1.11,-0.73%
08/20/2025,30.21,30.62,30.95,30.05,1.46,-2.20%
08/19/2025,30.89,31.77,31.84,30.59,1.38,-2.56%
08/18/2025,31.7,30.89,31.95,30.74,2.16,2.13%
08/15/2025,31.04,30.66,31.53,30.51,1.89,1.64%
08/14/2025,30.54,31.15,31.63,30.16,3.31,-3.81%
08/13/2025,31.75,30.05,31.92,29.89,5.36,5.66%
08/12/2025,30.05,29.45,30.27,28.79,11.56,1.66%
08/11/2025,29.56,31.3,31.36,28.94,10.49,-10.56%
08/08/2025,33.05,34,34.43,32.17,2.59,-3.73%
08/07/2025,34.33,37.3,37.4,33.45,3.17,-5.87%
08/06/2025,36.47,35.57,37,34.92,5.2,4.77%
08/05/2025,34.81,30.99,35.28,29.51,10.66,28.88%
08/04/2025,27.01,26.25,27.13,26.2,3.44,4.93%
08/01/2025,25.74,27.5,27.6,25.56,3.05,-7.61%
07/31/2025,27.86,28.25,28.68,27.68,2.46,0.22%
07/30/2025,27.8,28.61,28.75,27.5,1.45,-2.32%
07/29/2025,28.46,29.42,29.73,28.24,1.22,-2.37%
07/28/2025,29.15,29.07,29.74,28.5,1.45,1.22%
07/25/2025,28.8,28.88,29.38,28.75,1.06,0.21%
07/24/2025,28.74,28.68,29.09,28.53,1.19,-0.28%
07/23/2025,28.82,29.17,29.27,28.45,1.82,0.14%
07/22/2025,28.78,29.18,29.59,28.59,1.85,-1.24%
07/21/2025,29.14,29.71,30.37,28.97,1.93,-1.29%
07/18/2025,29.52,29.41,30.07,28.78,1.44,1.30%
07/17/2025,29.14,28.52,29.69,28.52,1.63,2.43%
07/16/2025,28.45,28.5,28.6,27.35,1.48,0.60%
07/15/2025,28.28,28.84,29.12,28.26,1.26,-0.70%
07/14/2025,28.48,28.16,28.85,27.87,1.75,0.89%
07/11/2025,28.23,29.01,29.43,28.14,1.17,-4.47%
07/10/2025,29.55,30.07,30.18,29.11,932.95,-0.94%
07/09/2025,29.83,29.8,30.37,29.38,1.48,1.26%
07/08/2025,29.46,29.28,29.69,28.91,1.57,2.04%
07/07/2025,28.87,28.9,29.45,28.66,1.28,-1.13%
07/03/2025,29.2,28.7,29.25,28.7,739.74,2.82%
07/02/2025,28.4,28.22,29.3,28.11,2.54,1.36%
07/01/2025,28.02,28.1,28.71,27.42,2.6,-1.89%
06/30/2025,28.56,28.6,28.68,27.87,1.43,1.06%
06/27/2025,28.26,28.12,28.68,27.75,1.72,1.36%
06/26/2025,27.88,27.98,28.08,27.09,1.79,0.18%
06/25/2025,27.83,28.2,28.42,27.72,1.26,-0.89%
06/24/2025,28.08,28.5,28.76,28.06,1.4,0.68%
06/23/2025,27.89,27.13,27.91,26.75,1.48,1.94%
06/20/2025,27.36,28.09,28.62,27.23,1.57,-1.62%
06/18/2025,27.81,27.77,28.16,27.37,1.56,-0.36%
06/17/2025,27.91,27.73,28.28,27.72,1.22,-0.85%
06/16/2025,28.15,27.35,28.16,27.13,1.52,5.12%
06/13/2025,26.78,27.8,28.06,26.75,1.79,-5.04%
06/12/2025,28.2,28.5,28.87,28.05,1.25,-2.35%
06/11/2025,28.88,29.84,29.84,28.87,1.48,-2.10%
06/10/2025,29.5,29.01,29.74,28.92,1.38,1.86%
06/09/2025,28.96,28.97,29.28,28.54,1.44,1.15%
06/06/2025,28.63,28.5,28.88,28.02,1.9,3.10%
06/05/2025,27.77,28.72,29.25,27.49,3.5,-7.03%
06/04/2025,29.87,30,30.16,29.65,953.67,-0.67%
06/03/2025,30.07,28.4,30.19,28.1,1.43,5.95%
06/02/2025,28.38,28.07,28.49,27.12,1.41,0.28%
05/30/2025,28.3,27.95,28.49,27.54,1.56,1.36%
05/29/2025,27.92,28.95,28.95,27.82,1.37,-1.24%
05/28/2025,28.27,28.74,28.9,28.2,1.09,-1.91%
05/27/2025,28.82,28.91,29.07,28.2,1.53,2.97%
05/23/2025,27.99,28.21,28.77,27.98,1.57,-3.91%
05/22/2025,29.13,28.95,29.5,28.7,1.3,1.22%
05/21/2025,28.78,29.8,30.01,28.69,1.42,-4.77%
05/20/2025,30.22,30.2,30.57,29.91,982.44,-0.40%
05/19/2025,30.34,30.31,30.6,29.82,1.19,-2.44%
05/16/2025,31.1,30.67,31.18,30.25,1.12,1.37%
05/15/2025,30.68,31.24,31.5,30.05,1.35,-1.73%
05/14/2025,31.22,31.59,32,30.87,1.14,-0.92%
05/13/2025,31.51,31.82,32.33,31.44,1.48,-0.32%
05/12/2025,31.61,30.94,31.64,29.96,1.85,8.36%
05/09/2025,29.17,30.1,30.64,28.63,1.72,-2.41%
05/08/2025,29.89,28.8,30.39,28.62,1.98,4.44%
05/07/2025,28.62,28.31,29.12,27.6,2.61,1.31%
05/06/2025,28.25,30,30.42,27.83,5.17,-13.77%
05/05/2025,32.76,31.98,33.46,31.56,2.16,0.61%
05/02/2025,32.56,32.24,32.95,31.9,1.44,3.43%
05/01/2025,31.48,31.64,32.16,31.36,856.04,1.88%
04/30/2025,30.9,30.17,31.04,29.61,1.04,-1.65%
04/29/2025,31.42,30.85,31.77,30.85,1.4,1.85%
04/28/2025,30.85,30.89,31.21,30.24,1.09,0.33%
04/25/2025,30.75,29.77,30.81,29.58,837.29,2.67%
04/24/2025,29.95,28.25,30.08,28,1.08,6.02%
04/23/2025,28.25,28.49,29.89,27.92,1.21,5.88%
04/22/2025,26.68,26.18,27.13,26.05,1.18,2.97%
04/21/2025,25.91,26.86,27.11,25.75,995.48,-5.37%
04/17/2025,27.38,27.89,28.06,27.08,782.72,-1.72%
04/16/2025,27.86,27.61,28.27,27.18,1.02,-0.82%
04/15/2025,28.09,27.52,28.52,27.52,1.1,1.81%
04/14/2025,27.59,28.65,28.69,27.01,1.44,-0.18%
04/11/2025,27.64,28.21,28.25,26.91,1.5,-2.06%
04/10/2025,28.22,29.48,30.1,27.47,1.48,-7.99%
04/09/2025,30.67,25.83,31.73,25.73,3.47,18.37%
04/08/2025,25.91,29.69,29.87,25.45,2.63,-7.92%
04/07/2025,28.14,26.96,30.28,25.54,3.11,-1.78%
04/04/2025,28.65,31.4,32.54,27.68,3.03,-8.26%
04/03/2025,31.23,33.28,33.39,30.9,1.6,-11.25%
04/02/2025,35.19,32.86,35.36,32.8,1.15,4.14%
04/01/2025,33.79,33.25,33.9,32.77,999.38,1.20%
03/31/2025,33.39,33,33.7,32.23,1.2,-2.28%
03/28/2025,34.17,35.12,35.25,33.46,1.41,-3.83%
03/27/2025,35.53,36.12,36.45,35.34,865.01,-3.19%
03/26/2025,36.7,37.94,38,36.44,850.65,-3.37%
03/25/2025,37.98,38.04,38.12,37.44,725.59,0.26%
03/24/2025,37.88,37.5,38.02,37.33,918.05,2.68%
03/21/2025,36.89,35.93,37.1,35.71,1.55,0.93%
03/20/2025,36.55,35.81,37.14,35.81,867.8,0.41%
03/19/2025,36.4,35.89,37.04,35.8,733.67,1.68%
03/18/2025,35.8,36.63,36.72,35.55,917.51,-2.90%
03/17/2025,36.87,35.81,37.33,35.81,1.02,1.96%
03/14/2025,36.16,35.8,36.81,35.8,1.18,2.38%
03/13/2025,35.32,35.97,36.17,35.02,1.07,-2.16%
03/12/2025,36.1,37.26,37.85,35.88,1.28,-0.47%
03/11/2025,36.27,36.38,37.47,35.51,1.18,-1.84%
03/10/2025,36.95,38.61,38.94,35.67,1.47,-7.37%
03/07/2025,39.89,39.78,40.45,38.18,929.19,-0.57%
03/06/2025,40.12,40.82,41.58,39.84,961.66,-3.42%
03/05/2025,41.54,40.62,41.73,40.07,911.14,2.77%
03/04/2025,40.42,39.46,40.85,38.23,1.66,0.17%
03/03/2025,40.35,43.22,43.24,39.95,1.6,-5.83%
02/28/2025,42.85,42.36,43.73,41.16,1.2,0.33%
02/27/2025,42.71,44,46.1,42.66,2.42,-2.80%
02/26/2025,43.94,41.41,44.01,39.72,2.41,7.62%
02/25/2025,40.83,45,45,40.4,4.22,9.85%
02/24/2025,37.17,39.31,39.56,36.24,3.89,-5.42%
02/21/2025,39.3,43.45,43.8,39.26,1.85,-8.69%
02/20/2025,43.04,43.89,44.33,41.87,1.43,-2.78%
02/19/2025,44.27,46.08,46.48,44.21,1.23,-5.18%
02/18/2025,46.69,44.57,47.02,44.44,1.36,4.90%
02/14/2025,44.51,45.66,45.66,44.34,886.58,-2.90%
02/13/2025,45.84,45.42,45.9,44.44,897.45,1.17%
02/12/2025,45.31,44.52,45.8,44.2,777.21,0.15%
02/11/2025,45.24,45.25,46.46,44.7,841.82,-1.50%
02/10/2025,45.93,45.45,46.16,45.02,986.03,2.57%
02/07/2025,44.78,44,45.8,43.81,1.65,1.80%
02/06/2025,43.99,43.26,44,42.65,1.1,2.42%
02/05/2025,42.95,40.83,43.23,40.83,1.74,5.22%
02/04/2025,40.82,40.58,41.21,40.32,922.47,1.44%
02/03/2025,40.24,40.07,40.82,38.65,1.62,-2.99%
01/31/2025,41.48,42.06,42.65,40.86,1.24,-0.53%
01/30/2025,41.7,42.04,42.45,41.35,1.43,-0.26%
01/29/2025,41.81,41.87,42.23,40.43,888.18,-0.38%
01/28/2025,41.97,40.5,42.81,39.62,1.71,4.56%
01/27/2025,40.14,39.41,41.88,38.59,1.88,-0.10%
01/24/2025,40.18,40,41.85,39.12,1.91,3.74%
01/23/2025,38.73,37.91,38.76,37.35,941.39,1.20%
01/22/2025,38.27,37.5,38.72,37.24,1.16,2.71%
01/21/2025,37.26,36.8,37.49,36.37,954.45,3.13%
01/17/2025,36.13,35.7,36.35,34.91,1.01,2.44%
01/16/2025,35.27,35.85,37,35.11,1.1,3.01%
01/15/2025,34.24,34.57,34.98,33.92,787.61,2.03%
01/14/2025,33.56,33.8,34.22,32.99,976.91,0.24%
01/13/2025,33.48,33.35,33.89,33.08,724.28,-1.59%
01/10/2025,34.02,33.73,34.22,32.9,809.14,-1.33%
01/08/2025,34.48,34.3,35.17,34.01,717.16,-1.29%
01/07/2025,34.93,35.96,36.2,34.61,1.13,-1.88%
01/06/2025,35.6,36.07,36.64,35.44,569.66,-0.34%
01/03/2025,35.72,34.5,36,34.2,668.62,4.26%
01/02/2025,34.26,34.68,34.83,33.8,544.55,0.56%
12/31/2024,34.07,34.43,34.76,33.99,526.98,-0.29%
12/30/2024,34.17,34.16,34.49,33.59,613.82,-2.15%
12/27/2024,34.92,35.75,35.75,34.56,747.62,-2.81%
12/26/2024,35.93,35.35,36.26,35.21,408.7,0.98%
12/24/2024,35.58,35.68,35.81,35.35,231.36,-0.28%
12/23/2024,35.68,35.7,36.14,35.33,633.97,-0.06%
12/20/2024,35.7,34.61,36.43,34.54,1.71,0.71%
12/19/2024,35.45,35.72,36.01,34.58,974.9,1.90%
12/18/2024,34.79,38.18,38.18,34.64,1.1,-7.87%
12/17/2024,37.76,37.5,38.55,37.16,915.79,-0.03%
12/16/2024,37.77,38.14,38.63,37.63,614.3,-0.94%
12/13/2024,38.13,39.35,39.5,37.82,591.4,-3.15%
12/12/2024,39.37,38.15,39.39,38.01,475.15,2.50%
12/11/2024,38.41,38.68,39.55,38.13,689.02,0.31%
12/10/2024,38.29,39.06,39.44,37.97,829.42,-1.90%
12/09/2024,39.03,40.62,41.37,38.97,674.23,-2.84%
12/06/2024,40.17,40.19,41.09,39.84,545.66,1.59%
12/05/2024,39.54,39.98,40.22,39.44,548.92,-1.03%
12/04/2024,39.95,39.5,40.76,39.44,725.75,2.73%
12/03/2024,38.89,39,39.17,38.19,707.09,-0.94%
12/02/2024,39.26,38.25,40.35,38.2,891.76,3.10%
11/29/2024,38.08,38.04,38.53,37.86,301.59,0.53%
11/27/2024,37.88,38.77,38.95,37.65,529.3,-2.14%
11/26/2024,38.71,39.29,39.39,38.6,597.53,-2.05%
11/25/2024,39.52,40,41.08,39.3,1.36,-0.20%
11/22/2024,39.6,39.18,39.86,39.18,986.3,1.88%
11/21/2024,38.87,38.01,39.47,37.61,762.29,3.57%
11/20/2024,37.53,38.25,38.25,36.88,561.25,-1.29%
11/19/2024,38.02,35.98,38.12,35.71,948.25,4.42%
11/18/2024,36.41,36.85,37.23,36.26,699.46,-1.19%
11/15/2024,36.85,38.34,38.34,36.22,1.26,-3.91%
11/14/2024,38.35,38.3,39.08,38.02,743.96,0.76%
11/13/2024,38.06,38.55,40.23,38.03,1.16,-0.86%
11/12/2024,38.39,38.91,39.52,38.16,738.49,-2.54%
11/11/2024,39.39,38.78,39.64,37.39,1.18,2.31%
11/08/2024,38.5,38.45,38.77,37.86,1.02,-0.70%
11/07/2024,38.77,39.3,39.81,38.2,1.16,-0.13%
11/06/2024,38.82,36.95,38.84,36.58,2.23,8.28%
11/05/2024,35.85,35.37,35.95,34.6,1.83,1.47%
11/04/2024,35.33,38.3,38.51,35.12,3.44,-13.47%
11/01/2024,40.83,40.01,41.36,39.7,1.46,3.16%
10/31/2024,39.58,40.76,41,39.56,893.13,-3.35%
10/30/2024,40.95,41.15,41.47,40.86,852.16,-0.66%
10/29/2024,41.22,40.55,41.28,40.5,799.24,0.81%
10/28/2024,40.89,41.61,41.71,40.43,893.98,-0.37%
10/25/2024,41.04,40.99,41.65,40.52,542.43,-0.44%
10/24/2024,41.22,41.27,41.92,40.83,552.82,0.34%
10/23/2024,41.08,41.92,42.13,40.57,776.17,-2.00%
10/22/2024,41.92,42.36,42.64,41.9,679.02,-1.83%
10/21/2024,42.7,43.36,43.93,42.65,697.8,-1.43%
10/18/2024,43.32,44.05,44.8,43.17,804.23,-1.12%
10/17/2024,43.81,43.65,44.01,43.26,623.51,0.60%
10/16/2024,43.55,44.23,44.25,43.12,557.26,-1.02%
10/15/2024,44,44.08,44.51,43.15,934.86,0.32%
10/14/2024,43.86,44,44.48,43.58,815.38,-0.23%
10/11/2024,43.96,43.96,44.45,43.42,947.7,0.96%
10/10/2024,43.54,41.99,43.6,41.86,1.11,2.16%
10/09/2024,42.62,41.66,43.23,41.66,1.01,2.43%
10/08/2024,41.61,41.95,42.43,41.58,1.01,-0.26%
10/07/2024,41.72,42.89,42.98,41.34,908.78,-2.75%
10/04/2024,42.9,40.7,42.94,40.5,1.11,8.53%
10/03/2024,39.53,39.12,39.93,38.84,614.89,-0.75%
10/02/2024,39.83,38.51,39.85,38.42,840.31,3.11%
10/01/2024,38.63,40.38,40.38,38.39,1.04,-4.36%
09/30/2024,40.39,40.64,41.34,40,716.61,-1.51%
09/27/2024,41.01,42.07,42.52,40.73,1.53,-2.03%
09/26/2024,41.86,40.99,42.15,39.84,4.19,2.70%
09/25/2024,40.76,41.02,41.26,40.3,1.05,-0.85%
09/24/2024,41.11,41.26,41.98,40.44,781.38,0.05%
09/23/2024,41.09,43.27,43.27,39.2,2.63,-4.95%
09/20/2024,43.23,42.38,43.88,42.22,4.03,2.37%
09/19/2024,42.23,41.47,42.24,40.93,1.4,3.56%
09/18/2024,40.78,41.17,41.93,40.71,1.06,-0.46%
09/17/2024,40.97,41.05,41.5,40.6,1.05,1.21%
09/16/2024,40.48,40.49,40.87,40.03,786.7,0.37%
09/13/2024,40.33,40,41.56,40,1.15,0.40%
09/12/2024,40.17,39.67,41,39.67,1.66,1.16%
09/11/2024,39.71,37.9,40.42,37.48,2.2,5.16%
09/10/2024,37.76,39,39.22,37.25,1.43,-2.88%
09/09/2024,38.88,36.92,39.4,36.78,2.39,6.81%
09/06/2024,36.4,36.33,36.69,35.64,1.54,0.64%
09/05/2024,36.17,35.87,36.7,35.64,494.14,0.81%
09/04/2024,35.88,35.05,36,34.84,626.39,1.21%
09/03/2024,35.45,36.73,37.17,35.08,878.09,-5.29%
08/30/2024,37.43,37.8,37.97,36.99,634.36,0.24%
08/29/2024,37.34,36.59,38.13,36.59,762.16,3.06%
08/28/2024,36.23,37.11,37.39,35.86,779.45,-2.92%
08/27/2024,37.32,37.16,37.55,36.65,704.33,-0.35%
08/26/2024,37.45,38.06,38.49,37.11,1.26,-1.45%
08/23/2024,38,36.98,38.83,36.66,1.36,3.88%
08/22/2024,36.58,37.09,37.74,36.4,855.9,-2.06%
08/21/2024,37.35,37.44,37.55,36.79,949,-0.08%
08/20/2024,37.38,37.91,38.21,37.12,884.1,-1.58%
08/19/2024,37.98,37.79,38.1,37.12,865.83,1.15%
08/16/2024,37.55,36.5,37.87,36.01,1.15,2.54%
08/15/2024,36.62,36.6,37.49,36.35,1.15,0.91%
08/14/2024,36.29,36,37.01,35.61,1.74,1.06%
08/13/2024,35.91,34,35.95,33.85,2.1,5.87%
08/12/2024,33.92,32.5,34.26,31.78,2.26,4.14%
08/09/2024,32.57,30.32,33.91,29.57,5.16,11.92%
08/08/2024,29.1,27.32,29.16,26.82,3.58,5.05%
08/07/2024,27.7,28.64,29.06,27.61,1.69,-0.40%
08/06/2024,27.81,27.45,27.84,27.08,1.39,1.98%
08/05/2024,27.27,26.79,28.25,26.63,1.45,-4.95%
08/02/2024,28.69,28.82,29.33,27.83,2.46,-7.00%
08/01/2024,30.85,32.92,32.92,30.59,1.25,-6.88%
07/31/2024,33.13,32.78,33.96,32.42,1.68,4.18%
07/30/2024,31.8,32.47,32.81,31.46,837.95,-2.06%
07/29/2024,32.47,32.57,32.81,32.01,862.61,0.90%
07/26/2024,32.18,32.92,32.93,31.65,693.92,-0.31%
07/25/2024,32.28,30.99,33.1,30.8,1.06,4.23%
07/24/2024,30.97,32.25,32.4,30.94,941.72,-4.24%
07/23/2024,32.34,32.4,33.17,32.22,1.31,0.15%
07/22/2024,32.29,33.1,33.24,31.63,1.96,-1.61%
07/19/2024,32.82,33.4,33.68,32.5,780.3,-1.68%
07/18/2024,33.38,34.31,34.44,32.82,1.48,-1.88%
07/17/2024,34.02,34.05,34.93,33.48,971.13,-2.02%
07/16/2024,34.72,33.96,34.78,33.28,1.21,3.27%
07/15/2024,33.62,33.47,33.91,32.95,1.05,1.27%
07/12/2024,33.2,33.07,33.6,32.84,821.51,-0.27%
07/11/2024,33.29,31.44,33.52,31.09,1.9,6.15%
07/10/2024,31.36,32.4,32.48,31.05,1.94,-3.24%
07/09/2024,32.41,34.37,34.59,32.39,1.22,-6.52%
07/08/2024,34.67,34.72,35.11,34.21,927.12,-0.14%
07/05/2024,34.72,34.66,35.55,34.43,727.67,-0.32%
07/03/2024,34.83,35.34,35.66,34.63,362.18,-0.97%
07/02/2024,35.17,34.89,35.35,34.72,828.32,1.44%
07/01/2024,34.67,34.61,34.99,34.12,701.99,-0.23%
06/28/2024,34.75,34,34.94,33.91,1.94,2.60%
06/27/2024,33.87,33.38,34.13,33.16,817.3,1.74%
06/26/2024,33.29,32.15,33.46,32.03,789.43,3.19%
06/25/2024,32.26,32.58,32.89,32.02,981.47,-0.92%
06/24/2024,32.56,33.63,33.74,32.55,989.35,-3.84%
06/21/2024,33.86,33.05,34.32,32.67,2.23,0.27%
06/20/2024,33.77,34.97,34.97,33.74,1.08,-2.82%
06/18/2024,34.75,35.45,36.12,34.74,1.48,-2.42%
06/17/2024,35.61,34.83,35.81,34.58,957.45,1.66%
06/14/2024,35.03,35.66,35.83,34.86,1.31,-3.66%
06/13/2024,36.36,38.82,38.95,36.14,1.7,-6.31%
06/12/2024,38.81,38.36,39.65,38.23,1.3,3.58%
06/11/2024,37.47,36.44,37.53,36.12,1.2,2.10%
06/10/2024,36.7,37.11,37.32,36.31,884.13,-1.74%
06/07/2024,37.35,37.48,37.85,37.1,815.28,-1.61%
06/06/2024,37.96,37.31,38.07,37.31,742.28,1.20%
06/05/2024,37.51,37.13,37.7,36.71,697.38,1.87%
06/04/2024,36.82,36.33,37.16,36.1,852.49,0.52%
06/03/2024,36.63,37.17,37.28,35.91,1.27,-1.13%
05/31/2024,37.05,36.93,37.2,36.16,1.25,0.68%
05/30/2024,36.8,36.31,36.93,36.03,1.23,0.82%
05/29/2024,36.5,36.69,37.12,35.5,1.49,-2.22%
05/28/2024,37.33,36.65,37.42,36.15,1.15,3.15%
05/24/2024,36.19,36.63,37,36.13,499.64,-0.47%
05/23/2024,36.36,38.16,38.25,36.2,979.52,-3.73%
05/22/2024,37.77,38.22,38.55,37.43,750.52,-2.55%
05/21/2024,38.76,37.58,38.79,37.41,923.11,2.59%
05/20/2024,37.78,37.4,37.94,37.01,919.75,2.11%
05/17/2024,37,37.42,37.48,36.65,1.29,-0.86%
05/16/2024,37.32,38.74,38.77,37.07,1.43,-3.74%
05/15/2024,38.77,40.28,40.28,38.72,1.52,-1.60%
05/14/2024,39.4,38.15,40.29,38.04,2.71,4.59%
05/13/2024,37.67,36.51,37.71,34.99,2.81,4.90%
05/10/2024,35.91,33.81,35.98,33.5,4.14,10.22%
05/09/2024,32.58,33.65,33.68,32.44,2.21,-3.24%
05/08/2024,33.67,34,34.83,33.64,1.79,-3.33%
05/07/2024,34.83,34.83,35.25,34.48,1.42,-0.06%
05/06/2024,34.85,34.81,35.17,34.3,12.51,1.78%
05/03/2024,34.24,36,36.45,33.94,1.88,-3.11%
05/02/2024,35.34,35.88,36,34.34,2.18,-0.53%
05/01/2024,35.53,35.68,36.59,34.83,3.93,8.13%
04/30/2024,32.86,33.68,34.01,32.77,999.53,-3.47%
04/29/2024,34.04,33.81,34.19,33.51,698.26,1.58%
04/26/2024,33.51,32.86,33.82,32.58,826.8,3.30%
04/25/2024,32.44,32.02,32.45,31.42,909.04,-1.76%
04/24/2024,33.02,33.02,33.42,32.57,599.26,0.95%
04/23/2024,32.71,32.36,33,31.81,913.47,0.80%
04/22/2024,32.45,32.47,32.9,31.77,859.14,0.06%
04/19/2024,32.43,32.81,33.28,32.21,1.14,-1.52%
04/18/2024,32.93,33.23,33.85,32.8,742.65,-0.90%
04/17/2024,33.23,33.77,34.2,33.08,753.02,-0.54%
04/16/2024,33.41,33.86,33.86,32.96,862.69,-2.11%
04/15/2024,34.13,35.08,35.51,33.68,634.31,-2.79%
04/12/2024,35.11,35.86,36.18,34.72,686.46,-3.76%
04/11/2024,36.48,36.28,37.11,36.04,675.74,1.56%
04/10/2024,35.92,35.98,36.39,35.5,694.03,-3.44%
04/09/2024,37.2,37.4,37.69,36.76,889.55,-0.75%
04/08/2024,37.48,37.7,37.86,37.1,631.36,0.43%
04/05/2024,37.32,36.63,37.64,36.63,814.11,1.50%
04/04/2024,36.77,37.14,38.07,36.6,776.95,0.08%
04/03/2024,36.74,36.66,37.82,36.61,580.84,-1.29%
04/02/2024,37.22,37.26,37.28,36.46,951.63,-2.49%
04/01/2024,38.17,38.13,38.59,37.75,608.51,-0.03%
03/28/2024,38.18,39.03,39.64,38.16,700.87,-2.30%
03/27/2024,39.08,39.29,39.67,38.25,684.7,0.54%
03/26/2024,38.87,39.27,39.48,38.54,670.39,0.31%
03/25/2024,38.75,39.22,39.58,38.65,711.65,-1.40%
03/22/2024,39.3,39.77,40.22,39.05,561.52,-1.33%
03/21/2024,39.83,40,41.14,39.81,986.61,1.43%
03/20/2024,39.27,39.09,39.79,38.69,868.05,0.03%
03/19/2024,39.26,39.96,40.6,39.15,783.73,-3.23%
03/18/2024,40.57,39.12,41.02,38.34,1.02,3.71%
03/15/2024,39.12,38.65,39.35,38.5,1.95,0.20%
03/14/2024,39.04,40.65,40.88,38.79,814.63,-3.82%
03/13/2024,40.59,40.16,41.58,40.16,790.56,0.40%
03/12/2024,40.43,40.2,41.13,39.72,803.2,0.75%
03/11/2024,40.13,39.21,40.63,39.21,931.26,2.06%
03/08/2024,39.32,38.86,40.65,38.68,972.55,1.89%
03/07/2024,38.59,39.36,40.24,38.42,1.22,-1.33%
03/06/2024,39.11,38.8,39.74,37.97,1.11,4.35%
03/05/2024,37.48,38.18,38.25,36.71,1.23,-3.18%
03/04/2024,38.71,38.45,39.02,37.27,1.34,0.81%
03/01/2024,38.4,38.09,38.9,37.3,876.26,1.27%
02/29/2024,37.92,37.72,38.62,37.27,1.16,1.63%
02/28/2024,37.31,37.07,37.49,36.85,782.16,-0.61%
02/27/2024,37.54,36.55,38.43,36.35,1.33,3.73%
02/26/2024,36.19,37.23,37.32,36.04,1.94,-3.52%
02/23/2024,37.51,39.05,39.58,37.15,1.44,-3.72%
02/22/2024,38.96,38.5,39.68,36.7,2.47,8.68%
02/21/2024,35.85,35.64,36.5,35.24,2.35,-3.11%
02/20/2024,37,38.5,39.22,36.38,2.88,-8.19%
02/16/2024,40.3,40.36,41.07,39.83,1.24,-1.42%
02/15/2024,40.88,39.7,40.96,39.04,1.44,3.44%
02/14/2024,39.52,38.53,39.78,37.7,871.13,4.36%
02/13/2024,37.87,37.2,39.1,37.06,1.89,-3.96%
02/12/2024,39.43,39,40.57,38.86,1.21,0.03%
02/09/2024,39.42,37.69,40.7,37.51,2.3,7.29%
02/08/2024,36.74,35.34,36.88,35.01,823.91,3.43%
02/07/2024,35.52,34.83,36.31,33.82,904.27,2.36%
02/06/2024,34.7,34.37,35.38,34.37,828.68,0.96%
02/05/2024,34.37,35.15,35.2,33.85,673.96,-3.83%
02/02/2024,35.74,34.81,36.24,33.94,949.43,3.18%
02/01/2024,34.64,34.04,34.9,33.66,783.69,2.73%
01/31/2024,33.72,34.73,35.18,33.66,1.01,-4.39%
01/30/2024,35.27,34.82,35.36,34.13,1.09,1.35%
01/29/2024,34.8,33,34.84,32.78,658.41,5.45%
01/26/2024,33,33.49,33.96,32.83,615.54,-0.42%
01/25/2024,33.14,33.1,33.35,32.64,839.19,1.50%
01/24/2024,32.65,34.65,34.95,32.58,1.24,-4.67%
01/23/2024,34.25,34.81,35.13,34.07,821.34,-1.72%
01/22/2024,34.85,35.51,36.65,34.6,900.63,0.55%
01/19/2024,34.66,34.86,34.99,34.04,733.94,0.49%
01/18/2024,34.49,34.91,35.12,33.57,743.03,0.50%
01/17/2024,34.32,34.04,34.4,32.86,1.33,-1.94%
01/16/2024,35,35.17,35.57,34.54,785.33,-1.88%
01/12/2024,35.67,36.74,37.5,35.67,716.98,-2.03%
01/11/2024,36.41,36.35,37.1,35.43,632.43,-0.33%
01/10/2024,36.53,36.56,37.01,36.25,744.34,-0.03%
01/09/2024,36.54,36.3,36.86,36.16,607.03,-0.71%
01/08/2024,36.8,35.46,36.88,35.46,765.07,4.13%
01/05/2024,35.34,34.67,36.09,34.6,517.7,0.54%
01/04/2024,35.15,34.58,35.37,34.39,753.71,1.21%
01/03/2024,34.73,35.39,35.79,34.41,1.3,-4.17%
01/02/2024,36.24,36,36.65,35.34,1.08,-1.23%
12/29/2023,36.69,37.76,38.08,36.63,924.57,-3.55%
12/28/2023,38.04,37.8,38.08,37.58,591.41,-0.29%
12/27/2023,38.15,38.06,38.5,37.94,623.21,0.82%
12/26/2023,37.84,36.91,38.21,36.76,648.29,2.52%
12/22/2023,36.91,37.47,37.87,36.62,583.64,-1.47%
12/21/2023,37.46,37.26,37.79,36.73,856.99,2.71%
12/20/2023,36.47,36.85,38.18,36.2,1.24,-0.90%
12/19/2023,36.8,36.2,37.18,35.89,1.36,2.39%
12/18/2023,35.94,35.47,36.3,35.09,930.96,1.33%
12/15/2023,35.47,36.31,36.31,34.47,1.85,-1.03%
12/14/2023,35.84,34.1,35.99,34.1,1.81,7.89%
12/13/2023,33.22,31.95,33.61,31.51,1.25,4.14%
12/12/2023,31.9,31.32,31.94,30.73,877.42,1.59%
12/11/2023,31.4,30.81,31.59,30.57,699.16,1.13%
12/08/2023,31.05,30.28,31.24,30.11,531.13,1.44%
12/07/2023,30.61,30.31,30.9,29.7,644.69,0.39%
12/06/2023,30.49,30.87,31.5,30.39,697.38,-1.33%
12/05/2023,30.9,30.31,31.08,30,823.57,0.42%
12/04/2023,30.77,30.42,31.32,30.42,806.46,-0.26%
12/01/2023,30.85,30.21,30.99,29.77,1.4,4.15%
11/30/2023,29.62,31.08,31.15,29.38,1.41,-2.98%
11/29/2023,30.53,30.58,31.48,30.53,1.27,1.29%
11/28/2023,30.14,28.51,30.14,28.37,1.01,5.20%
11/27/2023,28.65,28.72,29.04,28.34,600.37,-0.80%
11/24/2023,28.88,28.27,29.39,28.27,426.49,-0.03%
11/22/2023,28.89,28.8,29.11,28.34,1.24,1.69%
11/21/2023,28.41,29.78,29.85,28.29,1.17,-0.63%
11/20/2023,28.59,28.7,28.99,28.29,1.6,-1.07%
11/17/2023,28.9,27.39,28.99,27.28,1.92,5.86%
11/16/2023,27.3,26.96,27.4,26.1,1.18,0.11%
11/15/2023,27.27,26.96,27.61,26.44,1.71,2.25%
11/14/2023,26.67,26.52,27.27,26.23,1.4,4.26%
11/13/2023,25.58,25,25.77,24.6,1.14,1.51%
11/10/2023,25.2,24.33,25.27,24.07,2.01,2.82%
11/09/2023,24.51,25.28,25.5,24.21,938.48,-2.51%
11/08/2023,25.14,26.35,26.36,24.83,2.16,-4.30%
11/07/2023,26.27,25.84,27.36,25.27,3.31,10.15%
11/06/2023,23.85,25,25.06,23.65,1.53,-3.68%
11/03/2023,24.76,26.79,26.85,24.32,4.07,16.63%
11/02/2023,21.23,20.21,21.37,20.21,2.74,7.11%
11/01/2023,19.82,20.23,20.5,19.39,1.47,-3.13%
10/31/2023,20.46,20.42,20.76,20.1,1.19,-0.58%
10/30/2023,20.58,20.69,20.88,20.41,1.03,0.19%
10/27/2023,20.54,20.98,21.23,20.19,1.29,-0.68%
10/26/2023,20.68,21.18,21.5,20.48,901.02,-1.76%
10/25/2023,21.05,21.66,21.66,20.83,1.39,-5.31%
10/24/2023,22.23,21.75,22.34,21.75,880.85,3.49%
10/23/2023,21.48,21.63,22.03,21.2,881.98,-0.19%
10/20/2023,21.52,22.77,22.77,21.42,1.12,-6.39%
10/19/2023,22.99,23.12,23.58,22.93,772.34,0.17%
10/18/2023,22.95,24,24.15,22.77,1.04,-5.20%
10/17/2023,24.21,23.35,24.52,23.21,1.03,2.37%
10/16/2023,23.65,23.05,23.95,22.88,885.27,3.10%
10/13/2023,22.94,23.23,23.48,22.81,1.04,-2.09%
10/12/2023,23.43,24.5,24.5,23.16,1.08,-5.14%
10/11/2023,24.7,24.45,25.12,24.43,1.3,1.44%
10/10/2023,24.35,23.36,24.69,23.35,1.05,4.51%
10/09/2023,23.3,22.48,23.35,22.44,1.38,1.35%
10/06/2023,22.99,22.01,23.15,21.85,964.48,3.05%
10/05/2023,22.31,22.35,22.64,21.76,977.52,-0.36%
10/04/2023,22.39,23.27,23.46,22.1,1.44,-2.74%
10/03/2023,23.02,23.96,23.96,22.93,913.97,-3.76%
10/02/2023,23.92,23.91,24.35,23.35,1.09,-0.46%
09/29/2023,24.03,24.29,24.6,23.83,839.56,0.92%
09/28/2023,23.81,23.19,24.24,22.96,1.07,2.01%
09/27/2023,23.34,23.18,23.49,22.81,1.33,0.86%
09/26/2023,23.14,23.96,24.28,23.12,1.25,-4.06%
09/25/2023,24.12,23.98,24.43,23.73,1.07,-0.41%
09/22/2023,24.22,24.43,24.65,23.83,1.23,1.09%
09/21/2023,23.96,23.73,24.76,23.62,2.36,-0.54%
09/20/2023,24.09,24.06,24.27,23.81,993.62,0.84%
09/19/2023,23.89,23.9,24.17,23.61,1.28,-0.67%
09/18/2023,24.05,24.11,24.3,23.77,957,-1.11%
09/15/2023,24.32,25.04,25.15,24.24,2.1,-3.45%
09/14/2023,25.19,25.22,25.51,24.71,1.09,0.48%
09/13/2023,25.07,24.9,25.35,24.66,1.23,0.89%
09/12/2023,24.85,25.56,25.64,24.62,2.12,-4.61%
09/11/2023,26.05,27.27,27.27,25.84,2.55,-2.98%
09/08/2023,26.85,24.94,27.12,24.85,3.73,1.02%
09/07/2023,26.58,25.4,26.95,24.94,2.32,2.86%
09/06/2023,25.84,26.37,26.64,25.71,1.85,-2.53%
09/05/2023,26.51,26.48,26.73,25.94,2.17,-0.93%
09/01/2023,26.76,27.16,27.78,26.73,3.19,-1.07%
08/31/2023,27.05,27.99,28.34,27.05,2.06,-3.29%
08/30/2023,27.97,27.88,28.96,27.75,1.71,-0.14%
08/29/2023,28.01,28.09,28.46,27.77,1.83,-1.02%
08/28/2023,28.3,29.13,29.27,28.01,2.65,-1.94%
08/25/2023,28.86,29.11,29.62,26.9,7.09,-8.41%
08/24/2023,31.51,32.72,32.99,31.15,1.2,-3.82%
08/23/2023,32.76,32.18,32.92,32.05,849.94,1.49%
08/22/2023,32.28,32.73,33.06,31.89,636.11,-0.37%
08/21/2023,32.4,32.66,32.82,31.95,968.18,-0.98%
08/18/2023,32.72,31.89,32.93,31.71,1.16,1.49%
08/17/2023,32.24,33.41,33.59,32.08,1.31,-3.70%
08/16/2023,33.48,34.57,35.03,33.42,1.39,-3.57%
08/15/2023,34.72,35.78,35.9,34.46,1.44,-3.90%
08/14/2023,36.13,35.53,36.68,35.2,1.38,0.95%
08/11/2023,35.79,35.16,36.85,35.05,1.95,2.23%
08/10/2023,35.01,36.05,36.46,34.83,2.26,-2.51%
08/09/2023,35.91,36,36.27,34.69,2,-0.44%
08/08/2023,36.07,35.12,36.16,34.47,2.12,1.32%
08/07/2023,35.6,35.11,36.43,34.61,2.65,1.40%
08/04/2023,35.11,38,38.3,34.3,10.89,-24.79%
08/03/2023,46.68,46.54,48.4,46.12,3.04,-0.68%
08/02/2023,47,47.24,47.62,45.63,1.7,-2.89%
08/01/2023,48.4,48.78,49.5,48,1.51,-2.26%
07/31/2023,49.52,48.16,49.6,48.16,1.14,2.55%
07/28/2023,48.29,47.22,48.92,47.22,926.67,3.96%
07/27/2023,46.45,47.56,47.98,45.89,901.55,-0.66%
07/26/2023,46.76,48.62,48.62,45.96,1.5,-4.06%
07/25/2023,48.74,47.18,48.78,47.18,1.05,4.10%
07/24/2023,46.82,49.36,49.36,46.79,1.12,-3.98%
07/21/2023,48.76,49.5,50.05,48.24,1.13,0.45%
07/20/2023,48.54,49.17,49.61,47.83,1.13,-2.73%
07/19/2023,49.9,50.73,51.69,49.27,1.23,0.36%
07/18/2023,49.72,48.49,50.23,48.42,1.31,2.14%
07/17/2023,48.68,46.68,49.04,46.22,1.49,4.40%
07/14/2023,46.63,49.13,49.61,46.31,1.2,-4.88%
07/13/2023,49.02,48.55,49.7,48.25,1.36,2.30%
07/12/2023,47.92,48.1,48.44,46.58,1.24,2.02%
07/11/2023,46.97,47.51,48.14,46.41,1.2,-0.32%
07/10/2023,47.12,46,47.14,44.28,1.83,2.15%
07/07/2023,46.13,45.1,47.17,45.08,2.71,2.31%
07/06/2023,45.09,39.77,45.4,39.17,4.97,13.38%
07/05/2023,39.77,38.92,40.17,38.92,805.59,0.56%
07/03/2023,39.55,40.15,40.27,39.1,744.84,-1.47%
06/30/2023,40.14,39.83,40.62,39.82,830.19,2.48%
06/29/2023,39.17,39.91,40.26,38.85,917.2,-1.41%
06/28/2023,39.73,39.16,40.81,39.12,1.21,0.94%
06/27/2023,39.36,38.17,39.47,37.71,1.36,4.40%
06/26/2023,37.7,38.34,39.35,37.39,1.25,-2.38%
06/23/2023,38.62,38.28,39.18,38.09,2.07,-1.08%
06/22/2023,39.04,39.2,40.07,38.6,2.31,-5.65%
06/21/2023,41.38,42.66,42.94,40.97,1.29,-3.61%
06/20/2023,42.93,43.31,44.23,42.69,1.46,-1.85%
06/16/2023,43.74,46.04,46.35,43.55,2.83,-4.75%
06/15/2023,45.92,45.6,46.32,45.35,1.53,-0.56%
06/14/2023,46.18,46.67,47.23,44.99,1.63,-1.20%
06/13/2023,46.74,45.34,47.23,44.89,2.12,4.12%
06/12/2023,44.89,43.97,44.93,43.3,1.21,2.37%
06/09/2023,43.85,43.25,44.77,43.24,902.05,2.48%
06/08/2023,42.79,42.43,43.03,41.78,1.17,0.21%
06/07/2023,42.7,44,44.74,42.33,2.58,-4.43%
06/06/2023,44.68,42.1,45.48,41.97,2.66,5.98%
06/05/2023,42.16,41.16,42.17,40.7,1.69,1.74%
06/02/2023,41.44,40.54,41.47,40.1,1.97,4.51%
06/01/2023,39.65,38.38,40.2,37.88,1.64,1.28%
05/31/2023,39.15,36.53,39.16,36.52,2.66,6.39%
05/30/2023,36.8,36.85,37.15,35.91,1.24,2.22%
05/26/2023,36,34.46,36.9,34.38,1.49,4.99%
05/25/2023,34.29,34.89,35.1,33.52,723.61,0.09%
05/24/2023,34.26,34.02,34.54,33.88,1.56,-1.21%
05/23/2023,34.68,34.93,35.6,34.15,1.18,-0.83%
05/22/2023,34.97,33.9,35.35,33.67,1.37,2.73%
05/19/2023,34.04,34.76,34.81,33.54,1.13,-2.30%
05/18/2023,34.84,34.23,35.02,33.63,1.17,4.06%
05/17/2023,33.48,32.44,33.59,32.27,856.36,3.43%
05/16/2023,32.37,32.55,33.16,32.35,629.35,-2.12%
05/15/2023,33.07,32.38,33.7,32.03,1.24,2.26%
05/12/2023,32.34,32.14,33.04,31.76,755.6,0.19%
05/11/2023,32.28,32.74,32.91,31.86,1.06,-0.98%
05/10/2023,32.6,33.42,33.6,32.54,2.11,-2.45%
05/09/2023,33.42,32.51,34.81,31.5,2.53,0.63%
05/08/2023,33.21,33.3,33.78,32.78,2.45,1.22%
05/05/2023,32.81,32.28,32.9,32.21,1.5,2.02%
05/04/2023,32.16,32,32.62,31.5,1.84,2.65%
05/03/2023,31.33,30.77,31.8,30.68,1.57,1.29%
05/02/2023,30.93,31.8,31.98,30.57,1.32,-2.49%
05/01/2023,31.72,31.32,31.89,30.88,1.07,0.57%
04/28/2023,31.54,31.63,31.94,28.9,2.49,-3.84%
04/27/2023,32.8,32.5,32.82,31.44,1.2,2.60%
04/26/2023,31.97,32.63,33.06,31.71,1.17,2.30%
04/25/2023,31.25,31.34,32.3,30.52,2.42,-4.93%
04/24/2023,32.87,34.45,34.74,32.69,1.44,-4.97%
04/21/2023,34.59,33.66,34.61,33.61,986.06,3.53%
04/20/2023,33.41,33.82,34.26,33.09,1.43,-3.05%
04/19/2023,34.46,34.69,35.13,34.25,905.69,-2.27%
04/18/2023,35.26,35.02,35.56,34.26,1.03,1.94%
04/17/2023,34.59,33.17,34.7,33.01,2.39,3.87%
04/14/2023,33.3,34.74,35.24,32.78,1.95,-5.34%
04/13/2023,35.18,35.99,36.38,35,1.67,-1.07%
04/12/2023,35.56,37.32,37.96,35.46,1.58,-2.25%
04/11/2023,36.38,36.45,37.19,35.41,1.52,-0.74%
04/10/2023,36.65,36.63,37.09,36.13,1.49,-1.74%
04/06/2023,37.3,37.52,37.53,36.53,1.23,-1.01%
04/05/2023,37.68,38.41,39.1,36.96,1.38,-2.59%
04/04/2023,38.68,38.77,39.13,37.96,1.38,0.55%
04/03/2023,38.47,38.87,39.26,37.54,1.64,-1.79%
03/31/2023,39.17,37,39.66,36.44,3.1,6.44%
03/30/2023,36.8,36.1,36.89,35.8,1.53,3.78%
03/29/2023,35.46,35.21,36.06,35,917.59,1.75%
03/28/2023,34.85,34.92,35.53,34.43,1.67,0.06%
03/27/2023,34.83,35.16,36.4,34.49,2.08,-0.85%
03/24/2023,35.13,35.32,35.9,34.88,1.11,-1.01%
03/23/2023,35.49,35.21,36.04,34.82,1.71,2.93%
03/22/2023,34.48,35.2,36.1,34.48,1.21,-2.71%
03/21/2023,35.44,35,36.03,34.65,1.25,2.10%
03/20/2023,34.71,33.81,34.76,33.33,1.61,1.85%
03/17/2023,34.08,33.8,34.8,32.22,3.6,-2.77%
03/16/2023,35.05,34.49,35.95,34.3,1.53,0.81%
03/15/2023,34.77,33.67,34.91,33.47,2.44,1.96%
03/14/2023,34.1,35,35.89,33.69,2.5,-0.41%
03/13/2023,34.24,32.05,34.85,31.89,1.99,3.76%
03/10/2023,33,34.22,35.29,32.5,2.52,-4.49%
03/09/2023,34.55,36.2,38.04,34.49,2.16,-6.11%
03/08/2023,36.8,35.75,37.15,35.53,1.79,2.82%
03/07/2023,35.79,34.97,36.53,34.68,1.76,2.64%
03/06/2023,34.87,35.77,36.06,34.75,1.23,-1.13%
03/03/2023,35.27,33.51,35.3,33.51,1.58,5.60%
03/02/2023,33.4,31.2,33.6,30.91,1.62,5.20%
03/01/2023,31.75,31.88,32.73,31.61,1.4,-0.72%
02/28/2023,31.98,31.15,33.12,31.15,1.91,2.66%
02/27/2023,31.15,31.77,32.34,30.7,1.84,-0.92%
02/24/2023,31.44,31.9,32.69,30.88,1.85,-4.00%
02/23/2023,32.75,33.5,34.01,32,1.73,-1.80%
02/22/2023,33.35,32.54,34.5,32.54,2.11,-0.89%
02/21/2023,33.65,34.77,35.54,33.58,2.45,-4.76%
02/17/2023,35.33,35.91,37.08,34.73,3.23,-0.70%
02/16/2023,35.58,35,36.22,31.32,4.71,7.82%
02/15/2023,33,30.5,33.37,30.5,3.49,7.81%
02/14/2023,30.61,28.52,31.03,28.14,1.29,5.66%
02/13/2023,28.97,27.99,29.2,27.6,923.25,4.85%
02/10/2023,27.63,28.46,29.06,27.37,1.05,-4.92%
02/09/2023,29.06,30.63,30.88,29.02,686.28,-3.29%
02/08/2023,30.05,30.31,31.1,29.95,942.47,-1.15%
02/07/2023,30.4,29.66,30.53,28.11,1.32,2.05%
02/06/2023,29.79,30.5,31.73,29.33,1.38,-3.90%
02/03/2023,31,33.14,33.3,30.75,1.94,-10.64%
02/02/2023,34.69,32.72,34.87,32.57,1.94,10.23%
02/01/2023,31.47,29.52,31.98,28.94,1.25,7.22%
01/31/2023,29.35,29.3,29.97,29.15,835.01,0.96%
01/30/2023,29.07,29.15,29.9,28.5,739.5,-1.92%
01/27/2023,29.64,28.55,29.94,28.45,1.2,2.77%
01/26/2023,28.84,28.68,29.02,27.62,744.15,3.15%
01/25/2023,27.96,26.81,28.31,25.71,1.13,-1.51%
01/24/2023,28.39,28.7,29.26,28.07,531.08,-1.29%
01/23/2023,28.76,27.88,28.81,27.47,556.37,4.13%
01/20/2023,27.62,26.77,27.88,26.41,1.23,4.42%
01/19/2023,26.45,27.09,27.55,26.34,763.06,-5.06%
01/18/2023,27.86,28.45,29.5,27.67,1.38,0.29%
01/17/2023,27.78,26.95,27.98,26.3,975.31,0.33%
01/13/2023,27.69,26.89,27.71,26.59,799.13,2.06%
01/12/2023,27.13,26.9,27.19,25.37,822.03,1.61%
01/11/2023,26.7,26.72,26.87,26.15,652.91,1.64%
01/10/2023,26.27,24.75,26.28,24.75,884.4,4.08%
01/09/2023,25.24,24.91,25.82,24.91,996.99,3.78%
01/06/2023,24.32,24.46,24.89,23.45,1.17,0.00%
01/05/2023,24.32,25.87,25.87,24.24,1.06,-6.96%
01/04/2023,26.14,26.18,26.27,24.85,1.07,2.31%
01/03/2023,25.55,25.99,26.68,25.25,1.9,0.31%
12/30/2022,25.47,24.68,25.61,24.68,1.06,0.63%
12/29/2022,25.31,24,25.33,23.87,1.09,6.75%
12/28/2022,23.71,23.5,23.98,23.38,829.59,0.17%
12/27/2022,23.67,24.4,24.49,23.58,927,-4.36%
12/23/2022,24.75,25.3,25.3,24.49,638.16,-2.44%
12/22/2022,25.37,25.5,25.56,24.42,1.09,-2.20%
12/21/2022,25.94,26.85,27.1,25.93,1.22,-2.30%
12/20/2022,26.55,26.1,27.12,25.7,1.24,0.53%
12/19/2022,26.41,28.51,28.51,26.13,1.42,-6.28%
12/16/2022,28.18,27.97,28.29,27.38,1.86,0.11%
12/15/2022,28.15,29.08,29.42,27.82,1.53,-6.07%
12/14/2022,29.97,29.09,30.48,29,1.45,2.53%
12/13/2022,29.23,31.37,31.42,28.56,1.77,0.38%
12/12/2022,29.12,29.09,29.5,28.6,1.31,-0.88%
12/09/2022,29.38,29.49,30.33,29.09,951.64,-1.08%
12/08/2022,29.7,28.61,30.23,28.04,1.21,6.87%
12/07/2022,27.79,28.68,29.91,27.71,1.42,-2.63%
12/06/2022,28.54,29.02,29.16,28.12,900.83,-1.48%
12/05/2022,28.97,30.4,30.89,28.53,1.14,-6.06%
12/02/2022,30.84,29.22,30.93,28.88,1.01,1.78%
12/01/2022,30.3,29.65,30.58,28.89,1.16,1.58%
11/30/2022,29.83,27.36,29.94,27.28,1.48,8.43%
11/29/2022,27.51,28.3,28.38,27.03,939.07,-0.86%
11/28/2022,27.75,27.41,27.92,27.06,1.04,0.18%
11/25/2022,27.7,27.84,28.05,27.56,391.12,-1.67%
11/23/2022,28.17,26.91,28.39,26.68,927.92,4.68%
11/22/2022,26.91,27.57,27.65,26.42,951.09,-2.68%
11/21/2022,27.65,27.56,28.25,27.21,1.04,-2.19%
11/18/2022,28.27,29.09,29.51,27.95,1.17,-0.95%
11/17/2022,28.54,29.5,29.71,28.38,1.42,-6.33%
11/16/2022,30.47,31.6,31.64,30.18,923.31,-5.90%
11/15/2022,32.38,32.6,33.07,32.08,1.29,4.65%
11/14/2022,30.94,32.68,33.05,30.87,1.48,-6.36%
11/11/2022,33.04,29.61,33.37,29.6,2.59,10.98%
11/10/2022,29.77,29.01,29.8,27.98,2.41,11.37%
11/09/2022,26.73,27.93,28.81,26.39,2.34,-5.01%
11/08/2022,28.14,26.25,28.76,26,5.67,-4.29%
11/07/2022,29.4,30.71,30.99,28.23,3.63,-3.67%
11/04/2022,30.52,31.97,32.23,29,2.47,-3.87%
11/03/2022,31.75,31.86,32.66,31,1.4,-0.94%
11/02/2022,32.05,34.83,35.11,31.75,1.95,-9.16%
11/01/2022,35.28,37,38.1,35.25,912.3,-1.78%
10/31/2022,35.92,36.1,36.65,35.3,898.24,-1.54%
10/28/2022,36.48,34.8,36.75,34.3,1.81,-1.70%
10/27/2022,37.11,37.04,37.89,36.54,750.29,2.54%
10/26/2022,36.19,36.74,38.28,35.63,1.6,-5.53%
10/25/2022,38.31,36.09,38.7,36.09,1.45,5.45%
10/24/2022,36.33,36.6,36.91,35.76,813.4,-0.41%
10/21/2022,36.48,36.3,36.49,34.84,1.41,0.03%
10/20/2022,36.47,36.28,37.97,36.01,943.01,0.39%
10/19/2022,36.33,37.06,37.61,35.77,800.03,-3.35%
10/18/2022,37.59,38.11,38.81,37.12,910.43,2.40%
10/17/2022,36.71,35.32,37.46,35.07,1.67,9.48%
10/14/2022,33.53,35.32,35.9,33.49,864.99,-3.34%
10/13/2022,34.69,32.78,34.94,31.42,1.61,-0.09%
10/12/2022,34.72,35.88,35.88,33.9,1.15,-2.55%
10/11/2022,35.63,35.51,36.45,34.2,1.19,0.31%
10/10/2022,35.52,37.26,37.26,34.15,1.24,-3.79%
10/07/2022,36.92,38.36,38.52,35.9,978.1,-6.81%
10/06/2022,39.62,39.74,40.78,39.28,500.52,-0.95%
10/05/2022,40,39.43,40.24,38.19,1.21,-0.77%
10/04/2022,40.31,39.18,40.67,39.02,1.67,8.92%
10/03/2022,37.01,36.51,37.36,35.36,1.12,2.32%
09/30/2022,36.17,36.24,38.48,35.85,934.98,-0.28%
09/29/2022,36.27,37.16,37.28,35.02,1.12,-5.10%
09/28/2022,38.22,37.57,38.69,36.65,1.43,1.03%
09/27/2022,37.83,37.3,38.57,36.84,847.53,4.16%
09/26/2022,36.32,36.84,38.65,36.08,1.24,-1.28%
09/23/2022,36.79,37.92,39.04,35.87,1.59,-5.16%
09/22/2022,38.79,40.69,41.02,38.7,1.02,-5.39%
09/21/2022,41,41.85,42.94,40.81,1,-0.65%
09/20/2022,41.27,40.47,42.17,40.36,993.07,0.76%
09/19/2022,40.96,40.5,42,39.81,1.43,-1.44%
09/16/2022,41.56,42.52,43.4,41.31,4.34,-5.85%
09/15/2022,44.14,43.98,45.62,43.71,1.49,-1.27%
09/14/2022,44.71,43.17,44.81,42.59,1.97,4.29%
09/13/2022,42.87,43.6,43.94,42.17,1.71,-7.01%
09/12/2022,46.1,44.51,46.13,44.51,1.05,4.58%
09/09/2022,44.08,42.57,44.26,42.29,1.26,5.48%
09/08/2022,41.79,39.24,41.8,39.12,991.85,3.29%
09/07/2022,40.46,38.5,40.63,38.49,1.03,4.09%
09/06/2022,38.87,38.6,40.04,38.17,1.47,1.20%
09/02/2022,38.41,39,39.36,37.52,1.28,0.21%
09/01/2022,38.33,41.31,41.31,36.9,1.81,-8.93%
08/31/2022,42.09,42.54,43.81,41.87,988.18,-0.09%
08/30/2022,42.13,44.06,44.2,41.28,1.04,-2.88%
08/29/2022,43.38,43.73,44.93,42.94,721.16,-2.10%
08/26/2022,44.31,46.41,46.69,44.16,916.71,-3.95%
08/25/2022,46.13,46.67,47.28,45.67,782.84,0.65%
08/24/2022,45.83,43.74,46.02,43.68,1.21,5.24%
08/23/2022,43.55,42.72,44.2,42.24,1.02,3.79%
08/22/2022,41.96,42.16,42.92,41.51,1.04,-3.25%
08/19/2022,43.37,44.37,44.78,43.01,1.56,-4.51%
08/18/2022,45.42,45.7,46.16,45.03,739.04,-0.57%
08/17/2022,45.68,47.34,47.55,45.09,1.2,-5.13%
08/16/2022,48.15,48.33,48.5,46.63,1.03,-1.11%
08/15/2022,48.69,48.06,49.07,47.19,870.78,-0.14%
08/12/2022,48.76,47.89,49.18,47.45,1.19,2.61%
08/11/2022,47.52,53,53.24,47.44,2.71,-9.78%
08/10/2022,52.67,49.51,53.88,49.26,2.33,11.71%
08/09/2022,47.15,48.1,48.83,46.82,3.62,-1.50%
08/08/2022,47.87,46.07,47.99,46.05,2.1,4.50%
08/05/2022,45.81,43.72,46.91,43.21,2.01,3.67%
08/04/2022,44.19,45.1,45.44,42.85,1.42,-2.36%
08/03/2022,45.26,43.88,45.98,43.22,1.66,5.67%
08/02/2022,42.83,41.01,43.19,40.88,736.26,2.29%
08/01/2022,41.87,40.8,42.88,39.93,847.21,2.17%
07/29/2022,40.98,39.95,41.15,39.59,1.23,2.94%
07/28/2022,39.81,39.04,40,38.27,1.16,1.32%
07/27/2022,39.29,38.7,39.69,38.03,1.3,5.53%
07/26/2022,37.23,38.59,38.59,36.43,1.12,-4.29%
07/25/2022,38.9,39.18,39.28,37.6,1.17,-0.66%
07/22/2022,39.16,42.22,42.75,39.05,1.26,-8.53%
07/21/2022,42.81,41.23,43.5,40.77,1.32,2.05%
07/20/2022,41.95,37.92,42.08,37.8,1.92,11.04%
07/19/2022,37.78,37.97,38.33,36.51,1.43,2.91%
07/18/2022,36.71,36.01,37.62,35.97,1.52,4.17%
07/15/2022,35.24,35.34,35.77,34.48,1.44,2.14%
07/14/2022,34.5,36.59,36.63,34.15,3.36,-7.03%
07/13/2022,37.11,36.92,40.75,36.1,3.29,-3.51%
07/12/2022,38.46,39.2,39.57,36,2.68,-0.77%
07/11/2022,38.76,41.36,41.81,38.58,5.59,-16.29%
07/08/2022,46.3,44.6,47.01,43.88,1.39,1.69%
07/07/2022,45.53,44.32,45.91,44.3,1.27,3.20%
07/06/2022,44.12,44.93,46.5,43.44,1.3,-1.63%
07/05/2022,44.85,40.51,45.32,39.84,2.1,7.97%
07/01/2022,41.54,41.82,42.6,40.59,890.05,0.44%
06/30/2022,41.36,42.35,42.65,38.61,1.91,-4.35%
06/29/2022,43.24,43.93,44.4,42.46,842.83,-1.64%
06/28/2022,43.96,47,47.64,43.35,1.12,-6.03%
06/27/2022,46.78,47.68,48.54,46.18,1.03,-2.03%
06/24/2022,47.75,46.68,48.62,46.61,4.46,3.56%
06/23/2022,46.11,43.28,46.66,42.59,2.42,8.85%
06/22/2022,42.36,40.76,44.16,40.7,1.08,0.98%
06/21/2022,41.95,42.82,44.23,41.9,1.4,-0.02%
06/17/2022,41.96,39.9,43,39.9,2.37,4.98%
06/16/2022,39.97,41.87,42.7,39.34,2.08,-8.83%
06/15/2022,43.84,42.61,45.24,42.61,1.91,4.21%
06/14/2022,42.07,40.76,43,40.23,2.38,3.62%
06/13/2022,40.6,40.1,42.16,39.96,2.8,-4.36%
06/10/2022,42.45,43.54,45,42.23,3.74,-6.37%
06/09/2022,45.34,47.46,47.57,45.08,1.79,-3.98%
06/08/2022,47.22,47.84,48.8,46.43,2.36,-2.66%
06/07/2022,48.51,46.04,48.58,45.82,1.65,1.63%
06/06/2022,47.73,49.16,50.14,46.63,1.46,0.13%
06/03/2022,47.67,48.28,49.49,46.79,1.49,-3.33%
06/02/2022,49.31,48,50.67,47.07,1.71,3.83%
06/01/2022,47.49,49.69,50.46,46.22,1.62,-2.78%
05/31/2022,48.85,50.33,50.9,47.5,2.32,-3.42%
05/27/2022,50.58,46.35,51.48,46.17,3.75,10.15%
05/26/2022,45.92,43.34,46.87,43.09,3.78,0.44%
05/25/2022,45.72,42.97,46.27,42.8,2.72,5.69%
05/24/2022,43.26,41.49,44.25,39.65,3.62,3.49%
05/23/2022,41.8,42,43.19,40.65,2.37,-2.02%
05/20/2022,42.66,41.21,42.7,39.73,2.99,4.87%
05/19/2022,40.68,37.09,42.09,36.99,4.04,11.60%
05/18/2022,36.45,36.64,38.25,34.7,2.24,-2.36%
05/17/2022,37.33,38.07,38.82,34.66,1.54,1.83%
05/16/2022,36.66,37.08,38.13,35.36,2.56,-3.02%
05/13/2022,37.8,34.75,38.58,34.67,5.01,12.23%
05/12/2022,33.68,30.4,34.56,30.05,4.42,9.14%
05/11/2022,30.86,31.61,33.15,30.67,3.3,-5.63%
05/10/2022,32.7,33.03,34.51,30.43,4.29,1.55%
05/09/2022,32.2,34.72,36.73,31.68,4.82,-10.11%
05/06/2022,35.82,35.5,38.25,33.16,4,0.45%
05/05/2022,35.66,38.48,38.62,34.25,8.42,-18.14%
05/04/2022,43.56,41.54,43.86,38,3,5.83%
05/03/2022,41.16,41.77,43.22,40.54,1.26,-2.95%
05/02/2022,42.41,39.69,42.52,39.38,2.16,7.56%
04/29/2022,39.43,43.31,44.26,39.33,2.29,-10.39%
04/28/2022,44,42.22,45.12,39.4,3,7.06%
04/27/2022,41.1,41.4,42.98,40.5,1.94,0.07%
04/26/2022,41.07,44.01,44.02,40.88,2.44,-7.62%
04/25/2022,44.46,42.4,45.15,42.18,1.48,3.64%
04/22/2022,42.9,45.01,46.29,42.7,1.79,-4.81%
04/21/2022,45.07,48.53,50,44.58,1.9,-5.34%
04/20/2022,47.61,51.42,52,47.41,1.85,-6.63%
04/19/2022,50.99,48.5,52.12,48.3,1.13,4.92%
04/18/2022,48.6,52.07,52.11,48.09,1.99,-7.74%
04/14/2022,52.68,54.25,55.09,52.39,1.61,-2.98%
04/13/2022,54.3,51.72,54.75,51,1.31,5.33%
04/12/2022,51.55,52.89,55.52,50.72,1.29,0.43%
04/11/2022,51.33,51.32,52.63,50.25,1.28,-1.50%
04/08/2022,52.11,53.72,54.39,51.81,1.25,-3.93%
04/07/2022,54.24,53.8,55.29,52.12,1.07,0.82%
04/06/2022,53.8,55,55.8,52.47,1.37,-5.36%
04/05/2022,56.85,60.55,61.14,56.21,1.38,-5.88%
04/04/2022,60.4,60.41,61.51,59.41,1.49,1.39%
04/01/2022,59.57,59.35,61.74,58.29,1.3,2.97%
03/31/2022,57.85,59.9,60.3,57.75,1.2,-3.42%
03/30/2022,59.9,61.55,63.17,59.2,1.1,-3.98%
03/29/2022,62.38,59.55,62.7,59.25,2.22,7.57%
03/28/2022,57.99,57.84,59.54,55.5,1.62,0.76%
03/25/2022,57.55,60.8,61,56.77,931.29,-4.66%
03/24/2022,60.36,60.6,61.79,58.15,1.04,-0.08%
03/23/2022,60.41,59.75,62.22,57.87,1.17,-0.03%
03/22/2022,60.43,58.88,61.66,57.59,1.68,2.53%
03/21/2022,58.94,57.67,59.5,55.28,1.97,0.53%
03/18/2022,58.63,56.2,59.79,55.54,4.13,5.85%
03/17/2022,55.39,52.64,55.6,50.82,2.2,4.83%
03/16/2022,52.84,48.85,53.15,48.85,2.38,10.64%
03/15/2022,47.76,45.23,48.1,44.35,1.59,6.70%
03/14/2022,44.76,48.15,49.46,43.63,2.17,-7.14%
03/11/2022,48.2,52.51,52.88,47.96,1.57,-6.68%
03/10/2022,51.65,52.4,52.63,49.65,1.78,-4.86%
03/09/2022,54.29,51.52,54.58,50.8,1.82,8.73%
03/08/2022,49.93,48.04,51.67,46.69,2.2,3.89%
03/07/2022,48.06,52.19,53.3,47.84,2.73,-6.44%
03/04/2022,51.37,58.99,59.67,50.07,4.04,-13.17%
03/03/2022,59.16,63.23,63.89,58.65,1.91,-6.63%
03/02/2022,63.36,60.9,63.85,58.5,2.47,4.35%
03/01/2022,60.72,57.86,62.77,57.8,3.67,2.36%
02/28/2022,59.32,57.45,60.41,56.24,3.83,-0.94%
02/25/2022,59.88,55.46,59.9,54.01,3.3,7.62%
02/24/2022,55.64,42.68,55.99,42.6,5.66,18.58%
02/23/2022,46.92,52.5,53.16,46.6,3.79,-8.96%
02/22/2022,51.54,50.99,54.53,50.57,1.58,-1.04%
02/18/2022,52.08,55.17,56.49,51.75,2.83,-6.47%
02/17/2022,55.68,61,61.42,55.39,2.24,-10.64%
02/16/2022,62.31,61.28,62.75,59.87,1.7,-0.97%
02/15/2022,62.92,59.61,63,59.61,1.78,6.61%
02/14/2022,59.02,58.89,61.06,57.89,1.24,-0.27%
02/11/2022,59.18,62.26,63.76,57.64,2.11,-4.76%
02/10/2022,62.14,61,66.28,60.57,2.62,-1.52%
02/09/2022,63.1,62.4,63.54,60.1,2.58,2.50%
02/08/2022,61.56,57.17,62.26,57.11,2.26,5.77%
02/07/2022,58.2,57.67,60.55,57.38,1.79,1.71%
02/04/2022,57.22,54.12,58.18,53.12,1.67,6.61%
02/03/2022,53.67,54.02,56.85,53.18,1.87,-6.06%
02/02/2022,57.13,60.45,60.75,56,1.89,-3.90%
02/01/2022,59.45,58.49,59.65,56.34,1.78,3.68%
01/31/2022,57.34,54.4,57.68,54.4,1.89,6.38%
01/28/2022,53.9,51.54,53.9,49.26,1.85,6.35%
01/27/2022,50.68,51.92,53.5,50.4,1.68,-0.74%
01/26/2022,51.06,54.83,56.26,50.4,2.8,-0.74%
01/25/2022,51.44,54,55.5,50.91,2.99,-7.58%
01/24/2022,55.66,50.8,55.9,48.52,3.17,5.86%
01/21/2022,52.58,55.31,56.6,51.5,3.24,-5.26%
01/20/2022,55.5,57.57,60.2,55.39,1.87,-1.96%
01/19/2022,56.61,57.76,60.13,56.26,2.12,-1.34%
01/18/2022,57.38,58.91,61.21,57.17,2.67,-3.55%
01/14/2022,59.49,60.3,63.06,58.41,7.09,-9.06%
01/13/2022,65.42,71.3,72.81,65.3,2.59,-8.55%
01/12/2022,71.54,75.62,78.79,69.81,1.8,-2.53%
01/11/2022,73.4,70.72,74.48,69.46,1.27,3.86%
01/10/2022,70.67,68.89,70.7,65.26,2.08,-0.08%
01/07/2022,70.73,70.11,72.98,69.02,1.49,-0.13%
01/06/2022,70.82,67,73.95,67,2.66,2.09%
01/05/2022,69.37,71.96,72.73,67.5,2.75,-4.69%
01/04/2022,72.78,75.01,75.76,69.6,3.38,-3.33%
01/03/2022,75.29,81.3,81.38,74.48,2.68,-6.27%
12/31/2021,80.33,82.01,82.99,80.16,879.22,-2.49%
12/30/2021,82.38,81,84,81,1.08,1.99%
12/29/2021,80.77,80.97,81.4,78.08,939.1,0.37%
12/28/2021,80.47,84,84.39,79.6,1.1,-4.16%
12/27/2021,83.96,82.8,85.72,82.61,2.09,3.32%
12/23/2021,81.26,79.93,81.93,77.78,1.25,2.55%
12/22/2021,79.24,80.75,83.14,78.71,2.13,-2.74%
12/21/2021,81.47,75,82.34,73.36,3.67,11.60%
12/20/2021,73,71.55,75.24,70.6,2.39,-1.00%
12/17/2021,73.74,69.49,74.61,68.66,5.26,3.84%
12/16/2021,71.01,80.85,80.85,71.01,4.06,-9.39%
12/15/2021,78.37,74.84,79.43,73.06,3.87,5.21%
12/14/2021,74.49,77.76,78.5,71.69,4.41,-7.52%
12/13/2021,80.55,82.9,84.4,78.16,3.36,-4.36%
12/10/2021,84.22,88.39,91.33,82.76,3.22,-3.54%
12/09/2021,87.31,96.65,98.5,86.81,2.61,-8.23%
12/08/2021,95.14,93.79,96.45,90,1.74,1.31%
12/07/2021,93.91,91.61,94.22,90.51,2.79,9.27%
12/06/2021,85.94,83.76,87.25,78.66,2.76,2.26%
12/03/2021,84.04,90.33,90.75,79.58,4.34,-7.11%
12/02/2021,90.47,89.03,91.85,82.67,7.21,3.44%
12/01/2021,87.46,103.43,106.4,86.5,5.34,-13.24%
11/30/2021,100.81,104.51,105.32,96.6,3.96,-3.48%
11/29/2021,104.44,104,106.25,100.75,2,4.22%
11/26/2021,100.21,100,103.39,98,1.2,-1.30%
11/24/2021,101.53,97,102.65,94.1,2.07,2.60%
11/23/2021,98.96,99.24,104.86,94.74,4.34,-3.75%
11/22/2021,102.82,124.84,124.84,101.57,6.51,-20.00%
11/19/2021,128.53,130,133.4,127.73,1.09,0.41%
11/18/2021,128.01,130.83,131.99,126,1.95,-0.77%
11/17/2021,129,128.07,132.74,126.4,1.87,-0.97%
11/16/2021,130.26,120,131.3,119.5,8.52,9.45%
11/15/2021,119.01,122.13,124.11,118.88,1.94,-4.05%
11/12/2021,124.03,118.53,124.71,118.53,1.85,8.52%
11/11/2021,114.29,111.1,117.39,110,1.31,6.13%
11/10/2021,107.69,114.3,115.08,105.42,1.63,-7.67%
11/09/2021,116.63,114.3,117.78,111.03,1.97,3.63%
11/08/2021,112.54,107,113.73,106,2.03,9.68%
11/05/2021,102.61,108.05,108.28,101.33,1.66,-2.57%
11/04/2021,105.32,91.67,105.99,91.51,3.7,11.40%
11/03/2021,94.54,92.61,96.48,91.51,1.54,2.53%
11/02/2021,92.21,95,95.82,89.56,1.57,-2.70%
11/01/2021,94.77,97.96,98.78,94.5,995.39,-2.89%
10/29/2021,97.59,94.73,98.84,94.73,1.16,2.16%
10/28/2021,95.53,96.51,97.82,94.55,864.6,-0.08%
10/27/2021,95.61,96.9,98.51,94.84,799.84,-0.51%
10/26/2021,96.1,96.28,99.32,93.04,1.39,0.58%
10/25/2021,95.55,94.93,98.5,94.39,2.14,1.71%
10/22/2021,93.94,94.7,96.5,93.01,899.8,-1.54%
10/21/2021,95.41,90.4,96.3,89.5,1.62,5.60%
10/20/2021,90.35,92.15,92.5,88.62,904.56,-1.43%
10/19/2021,91.66,92.32,94.78,90.71,1.29,0.00%
10/18/2021,91.66,89,92.46,88.89,928.99,2.86%
10/15/2021,89.11,92,92.01,87.4,1.35,-1.38%
10/14/2021,90.36,93.48,94.63,89.62,2.09,-0.80%
10/13/2021,91.09,87.82,92.48,87.02,2.59,6.09%
10/12/2021,85.86,84.93,86.68,84.16,1.19,2.34%
10/11/2021,83.9,82.25,85.17,82.11,1.22,0.07%
10/08/2021,83.84,84.51,87.72,83,1.64,-1.58%
10/07/2021,85.19,83.63,85.42,82.53,2.1,3.40%
10/06/2021,82.39,77,82.78,76.63,1.85,4.04%
10/05/2021,79.19,79.46,81.7,78.63,936.75,1.51%
10/04/2021,78.01,81.07,81.25,75.31,1.42,-3.77%
10/01/2021,81.07,78.47,81.81,74.65,2.31,4.43%
09/30/2021,77.63,78.17,79.42,76.16,1.4,-0.28%
09/29/2021,77.85,79,81.36,75.48,1.9,-0.90%
09/28/2021,78.56,80,80.52,77.03,2.27,-3.88%
09/27/2021,81.73,82.25,83.52,79.63,2.1,-0.98%
09/24/2021,82.54,83.75,85,79.09,5.14,-5.85%
09/23/2021,87.67,87.95,88.48,84.03,1.46,3.04%
09/22/2021,85.08,80.57,86.65,80.23,2.06,7.22%
09/21/2021,79.35,81.76,81.9,78.99,1.47,-0.34%
09/20/2021,79.62,78.6,83.87,77.78,2.67,-3.15%
09/17/2021,82.21,85.84,87.99,81.5,11.9,-5.07%
09/16/2021,86.6,81.32,87.49,80.97,3.58,6.18%
09/15/2021,81.56,77,81.64,75.1,2.78,6.24%
09/14/2021,76.77,77.63,77.63,73.66,2.64,1.43%
09/13/2021,75.69,71.93,77.24,71.43,4.82,8.08%
09/10/2021,70.03,70.29,74.36,69.39,4.12,1.38%
09/09/2021,69.08,66.91,70.46,66.76,1.43,2.02%
09/08/2021,67.71,69.33,69.99,65.18,2.97,-3.64%
09/07/2021,70.27,72.99,73.39,69.62,3.52,-4.34%
09/03/2021,73.46,64.51,73.5,64.15,3.17,14.51%
09/02/2021,64.15,63.46,65.96,63.46,1.85,1.65%
09/01/2021,63.11,61.85,64.43,61.62,1.45,2.32%
08/31/2021,61.68,62.3,63.67,61.16,2,-0.88%
08/30/2021,62.23,61.2,62.72,59.57,1.56,3.73%
08/27/2021,59.99,56.98,60,56.63,1.37,5.62%
08/26/2021,56.8,56.08,58.65,56,1.52,1.76%
08/25/2021,55.82,54.88,55.88,53.13,1.41,0.56%
08/24/2021,55.51,55.75,56.11,54.02,1.53,0.51%
08/23/2021,55.23,54.01,56,53.1,2.25,3.87%
08/20/2021,53.17,51.43,53.19,51.25,1.22,3.50%
08/19/2021,51.37,51.51,53.07,50.55,1.51,-3.19%
08/18/2021,53.06,52,53.76,50.52,2.99,3.75%
08/17/2021,51.14,51.12,51.4,48.8,1.55,-0.51%
08/16/2021,51.4,53.66,53.66,51.2,1.03,-3.87%
08/13/2021,53.47,54.46,54.97,52.53,1.84,-2.75%
08/12/2021,54.98,55.62,56.52,54.27,1.11,-1.56%
08/11/2021,55.85,56.77,57.97,55.74,1.24,-3.09%
08/10/2021,57.63,53.75,57.79,52.64,3.27,8.04%
08/09/2021,53.34,52.84,54,51.58,5.59,-1.22%
08/06/2021,54,59.41,59.44,53.7,3.09,-5.99%
08/05/2021,57.44,57.5,58.29,52.73,4.74,-2.31%
08/04/2021,58.8,59.57,63,58,2.86,-3.15%
08/03/2021,60.71,56.06,63.4,56.05,4.25,7.17%
08/02/2021,56.65,53.12,59.17,51.68,6.61,10.00%
07/30/2021,51.5,51,53.8,50.75,816.79,-0.31%
07/29/2021,51.66,53.8,54.29,51.59,794.27,-3.02%
07/28/2021,53.27,53,55.27,52.28,963.46,0.91%
07/27/2021,52.79,55,55.05,50.6,458.33,-3.17%
07/26/2021,54.52,54.62,55.77,53.86,397.23,-0.18%
07/23/2021,54.62,54.46,56.31,53.14,611.94,3.11%
07/22/2021,52.97,53.38,55.39,52.07,506.15,0.57%
07/21/2021,52.67,51.2,53.9,51.09,543.21,2.11%
07/20/2021,51.58,51.3,51.74,49.4,430.05,0.57%
07/19/2021,51.29,48.55,51.82,47.09,816.47,5.71%
07/16/2021,48.52,48.71,49.35,47.82,556.19,2.26%
07/15/2021,47.45,50.45,50.45,45.8,795.95,-6.83%
07/14/2021,50.93,54.05,54.3,50.35,468.41,-6.14%
07/13/2021,54.26,55.81,57.04,54.1,288.4,-2.71%
07/12/2021,55.77,58.4,58.4,54.88,460.32,-2.91%
07/09/2021,57.44,55.12,58,55.12,565.2,4.78%
07/08/2021,54.82,52.79,54.83,51.88,282.52,0.57%
07/07/2021,54.51,55.09,55.48,53.95,383.54,0.13%
07/06/2021,54.44,55.8,55.8,53.5,314.48,-2.94%
07/02/2021,56.09,55,56.91,54.11,398.63,4.24%
07/01/2021,53.81,55.44,55.59,53.34,637.6,-3.20%
06/30/2021,55.59,53.85,55.81,52.7,434.68,1.40%
06/29/2021,54.82,55.65,56.08,53.68,579.01,-1.12%
06/28/2021,55.44,52.15,57.71,51.75,850.98,8.24%
06/25/2021,51.22,50.33,52.72,49.76,2.24,3.00%
06/24/2021,49.73,52.18,53.49,49.38,648.35,-4.44%
06/23/2021,52.04,52.34,55.87,51.52,943.08,1.07%
06/22/2021,51.49,46.38,53.45,46.2,1.34,11.55%
06/21/2021,46.16,47.4,47.74,45.72,272.99,-1.79%
06/18/2021,47,46.56,47.92,46.02,1.14,1.56%
06/17/2021,46.28,46.23,48.4,45.57,338.25,-0.54%
06/16/2021,46.53,44.15,46.84,43.99,456.15,5.85%
06/15/2021,43.96,42.99,44.3,42.99,286.12,0.69%
06/14/2021,43.66,42,44,41.76,270.63,5.54%
06/11/2021,41.37,41.5,41.5,40.49,128.54,0.32%
06/10/2021,41.24,40.64,41.32,40.01,130.79,1.48%
06/09/2021,40.64,40.22,41.39,40.19,178.93,1.07%
06/08/2021,40.21,39.44,40.69,39.25,260.67,3.31%
06/07/2021,38.92,39.97,39.97,38.65,149.98,-2.87%
06/04/2021,40.07,40.11,41,39.95,117.48,0.12%
06/03/2021,40.02,40.7,40.7,39.95,90.09,-2.68%
06/02/2021,41.12,41.25,41.5,40.66,76.17,-0.15%
06/01/2021,41.18,41.86,41.86,40.26,101.51,-2.05%
05/28/2021,42.04,42.66,42.97,41.63,130.3,-1.50%
05/27/2021,42.68,42.89,43.15,42.38,329.78,0.33%
05/26/2021,42.54,41.55,42.85,41.4,197.5,1.53%
05/25/2021,41.9,41.35,42.08,41.24,224.17,0.17%
05/24/2021,41.83,41.3,42.43,41.18,506.86,-2.65%
05/21/2021,42.97,43.09,43.22,42.09,240.23,0.59%
05/20/2021,42.72,39.5,42.88,39.05,334.29,9.40%
05/19/2021,39.05,36.65,39.44,36.01,201.23,5.46%
05/18/2021,37.03,36.65,37.26,36.23,120.87,2.10%
05/17/2021,36.27,37.45,37.79,35.62,152.85,-2.58%
05/14/2021,37.23,35.96,37.68,35.7,195.21,5.08%
05/13/2021,35.43,37.87,38,35.35,252.55,-5.34%
05/12/2021,37.43,38.46,38.6,36.73,153.12,-2.32%
05/11/2021,38.32,37.84,38.69,37.71,405.43,-0.23%
05/10/2021,38.41,42.11,42.15,38.25,282.52,-9.20%
05/07/2021,42.3,43.2,44.63,42.19,247.5,0.07%
05/06/2021,42.27,42,44.23,41.16,347.04,-5.65%
05/05/2021,44.8,43.36,44.84,43.98,132.2,2.94%
05/04/2021,43.52,43.72,43.79,42.97,311.46,0.14%
05/03/2021,43.46,43.65,44.15,43,124.69,-0.25%
04/30/2021,43.57,42.84,44.1,42.73,117.65,1.14%
04/29/2021,43.08,43.94,44.24,40.65,570.49,-2.22%
04/28/2021,44.06,42.2,45.38,42.16,460.75,2.32%
04/27/2021,43.06,43.3,44.4,42.8,455.4,-0.83%
04/26/2021,43.42,41.94,43.72,41.51,522.15,4.88%
04/23/2021,41.4,43.07,43.37,40.11,825.37,-2.70%
04/22/2021,42.55,42.81,43.44,41.8,726.71,2.21%
04/21/2021,41.63,41.38,41.9,40.48,505.87,0.10%
04/20/2021,41.59,43.94,43.94,41.27,521.33,-3.19%
04/19/2021,42.96,45.35,45.61,42.5,478.72,-4.26%
04/16/2021,44.87,45.68,46.35,44.19,179.25,-0.20%
04/15/2021,44.96,44.08,46,43.75,660.71,3.43%
04/14/2021,43.47,42.87,44.75,42.45,306.48,0.32%
04/13/2021,43.33,41.1,43.62,41.1,383.5,5.66%
04/12/2021,41.01,40,41.41,38.8,415.75,1.99%
04/09/2021,40.21,40,41.8,40,184.96,-0.10%
04/08/2021,40.25,43,43,39.6,633.72,-5.74%
04/07/2021,42.7,44.47,44.47,42.42,499.15,-2.98%
04/06/2021,44.01,44,44.38,43.78,368.38,0.55%
04/05/2021,43.77,43.81,45.27,42.8,276.52,-0.07%
04/01/2021,43.8,42.31,44.72,42.24,687.21,3.96%
03/31/2021,42.13,40,42.77,40,660.15,4.44%
03/30/2021,40.34,40.8,40.8,38.86,2.09,0.70%
03/29/2021,40.06,41.91,43.5,39.97,1.52,-3.77%
03/26/2021,41.63,42.17,42.79,36.65,1.4,-0.31%
03/25/2021,41.76,41.82,44.86,39.5,1.9,-1.74%
